,precision,recall,f1-score,support
Normal,0.9913793103448276,0.9829059829059829,0.9871244635193133,117.0
P1,0.923728813559322,0.9396551724137931,0.9316239316239316,116.0
P2,0.9745762711864406,0.9829059829059829,0.9787234042553191,117.0
P3,0.9380530973451328,0.905982905982906,0.9217391304347826,117.0
P4,0.9830508474576272,1.0,0.9914529914529915,116.0
accuracy,0.9622641509433962,0.9622641509433962,0.9622641509433962,0.9622641509433962
macro avg,0.9621576679786701,0.962290008841733,0.9621327842572676,583.0
weighted avg,0.9621877463233363,0.9622641509433962,0.9621348231002137,583.0
