Feature,Mean_abs_SHAP
RIF,0.2833568190137137
IL,0.18332988336406936
SER,0.15922924695315588
BFD,0.06328215476226161
IGV,0.057732749364327804
